PeakID,Eigenpeak 0,Eigenpeak 1,Eigenpeak 2,Eigenpeak 3
Interval_58734,-0.5473542612488843,-0.6191207046606158,0.08846064930824687,-0.5561183140997916
Interval_58732,-0.3493524000870959,0.7606033737867909,-0.14878375728089052,-0.5265916842363904
Interval_58739,0.6216112617503164,-0.17659932809285017,-0.5712286071545241,-0.5060731122581361
Interval_58760,0.4381274386651146,0.08357474595742193,0.8023315932092208,-0.3966404213708584
