PeakID,MAST4_Rsq
Eigenpeak 0,0.0012729106813144807
Eigenpeak 1,0.0027638182523592666
Eigenpeak 2,0.03488773509985261
Eigenpeak 3,0.04455990583778485
Eigenpeak 4,0.00012460573848293042
Eigenpeak 5,0.0002955970733632478
Eigenpeak 6,0.0031203023331990865
Eigenpeak 7,0.1499731426391526
Eigenpeak 8,0.03507798465616934
Eigenpeak 9,0.08586861838282617
Eigenpeak 10,0.007725712027581338
Eigenpeak 11,0.3361621544656574
Eigenpeak 12,0.26432450130661567
