PeakID,MAST4_Rsq
Eigenpeak 0,0.06387036911922837
Eigenpeak 1,0.007036343594259778
Eigenpeak 2,2.732381349799786e-05
Eigenpeak 3,0.3012760165870743
