PeakID,Interval_58734,Interval_58732,Interval_58739,Interval_58760
Interval_58734,1.0,0.53090510971908,0.668977380546552,0.5632649789150418
Interval_58732,0.53090510971908,1.0,0.655923649180636,0.42775107403255397
Interval_58739,0.668977380546552,0.655923649180636,1.0,0.12195149422720379
Interval_58760,0.5632649789150418,0.42775107403255397,0.12195149422720379,1.0
