PeakID,Eigenpeak 0,Eigenpeak 1,Eigenpeak 2
Interval_69611,0.7188790522107473,-0.014653558376494825,-0.6949807058613097
Interval_69614,0.547622721332744,0.6277413188906125,0.5532180326395677
Interval_69613,-0.4281614921646938,0.7782840803873486,-0.4592947058729523
