PeakID,PMS2P1_Rsq
Eigenpeak 0,0.17680606233552448
Eigenpeak 1,0.0010940512297285484
Eigenpeak 2,0.4778118902587018
