PeakID,Eigenpeak 0,Eigenpeak 1,Eigenpeak 2,Eigenpeak 3,Eigenpeak 4
Interval_42062,0.34236203545236626,0.7680207953499146,-0.14180821672683327,0.017594906628941816,-0.5220279145031141
Interval_42063,-0.3450040351747351,0.047435555551379016,0.7366320392253173,0.46900849793205823,-0.3407731671316667
Interval_42065,-0.6769286610546412,-0.13060015934547176,-0.37005682797194284,-0.3000055392154909,-0.5456792159621564
Interval_42061,0.2493495001863234,-0.4103772058146945,-0.43918068535592747,0.6986439650296152,-0.297375707552836
Interval_42058,-0.4933080852709219,0.47162280829734826,-0.3277833707452934,0.4490152945011494,0.47451278893930615
