PeakID,CD28_Rsq
Eigenpeak 0,0.007671102767575031
Eigenpeak 1,0.19748592479620886
Eigenpeak 2,0.24832704843019537
Eigenpeak 3,0.41641271543833014
