gene_name,Clonal impact on variance,Celltype impact on variance
CD8B,0.15798921337321387,0.01909673537511573
GNLY,0.1978501462545639,0.47233948779372914
KLRD1,0.13970310182769416,0.406940095239953
KLRB1,0.2152960893343896,0.11016888230160882
PRF1,0.018885034507340102,0.24563190971105986
