gene_name,Clonal_eta_squared
USP30-AS1,0.2711696028838703
LENG1,0.23740980435145645
CD8B,0.22358753082757404
NAALADL1,0.20782721755115577
STOM,0.20168827330056954
