gene_name,Clonal_eta_squared
PAX8-AS1,0.22704330772587672
C1orf228,0.21587940703428585
KLRB1,0.21529609776488148
CD300A,0.2073561451292149
GNLY,0.19785015487608712
KCNN4,0.19749665005969644
KLRC4-KLRK1,0.161690698778587
