gene_name,Clonal_eta_squared
GNLY,0.25905161323815257
GZMB,0.25701564155253936
USP30-AS1,0.24415096964007343
CD8B,0.21578428646181527
KLRB1,0.19877502955147622
PRSS21,0.1927569838722467
TIGIT,0.19009907141394358
STOM,0.1726177564219518
FCGR3A,0.17238377477902012
TMEM11,0.16860107950053688
