gene_name,adjusted p-value
CD8B,0.003999989949773995
USP30-AS1,0.00899998398579362
LENG1,0.014999968815033649
STOM,0.019999946524207154
