gene_name,Clonal impact on variance,Celltype impact on variance
CD8B,0.18290409708775582,0.02012857996130336
GNLY,0.25228259401887043,0.24164728659635837
KLRD1,0.15691783207007198,0.08476681649180261
KLRB1,0.12525624546345965,0.02070537589596511
PRF1,0.07417601540412062,0.2135745098119059
