gene_name,Clonal impact on variance,Celltype impact on variance
CD8B,0.2089616357907876,0.0011605805502755068
GNLY,0.19416653033626827,0.15671651823391197
KLRD1,0.17648989457923228,0.036202959382306464
KLRB1,0.1349246700390972,0.010079990648323378
PRF1,0.08015315652018415,0.24416551622897228
