gene_name,Clonal impact on variance,Celltype impact on variance
CD8B,0.2157842842964074,0.034620641353073495
GNLY,0.2590515880611255,0.1827363059387656
KLRD1,0.033896742022327044,0.07281680306599114
KLRB1,0.19877504117784087,3.0210801685856386e-05
PRF1,0.03996648032689617,0.35140781595569914
USP30-AS1,0.24415095774682938,0.001673621087390584
