gene_name,Clonal impact on variance,Celltype impact on variance
CD8B,0.22358752735768056,0.00012433611290840307
GNLY,0.16962441419577798,0.014398387549233923
KLRD1,0.0439746695893758,0.0529896834968354
KLRB1,0.16679415906539424,0.05419458993325688
PRF1,0.033576035963012126,0.12530360064034907
USP30-AS1,0.27116960675079715,0.0014122351060074124
