PeakID,Eigenpeak 0,Eigenpeak 1,Eigenpeak 2,Eigenpeak 3,Eigenpeak 4,Eigenpeak 5,Eigenpeak 6,Eigenpeak 7
Interval_15297,0.7617608034367221,0.014733017368448505,-0.22767673587469134,0.11375035434551739,-0.2657244475573099,0.2555568147459199,0.21991588535018042,-0.4128508364437502
Interval_15296,-0.2161651283251642,-0.12423426221478046,0.4133336672974177,-0.46563033289868916,-0.38987650641958815,0.4714164236526755,-0.23950965002853603,-0.34435468741839936
Interval_15295,-0.43741002179248817,0.47423098703303745,-0.4215002335886944,0.06548131653187203,-0.41147810138291335,-0.2544412662267803,0.047943402154945886,-0.406785002619479
Interval_15289,-0.1705732921639657,-0.6517106430078873,-0.4647304307553952,-0.1841044275216382,0.3346139921341061,-0.0773738330548698,-0.04540594191325614,-0.41987407987737346
Interval_15299,-0.09421058562276186,-0.2822631013885323,0.5253045791552204,0.6172485092318207,-0.08429878248212042,-0.29377936722977793,0.06615780157510914,-0.39588107819602436
Interval_15290,0.2709300989341484,0.340488847428457,0.29339985787046907,-0.4552926641963918,0.380166302106275,-0.4844719169286554,-0.08059295078036044,-0.36270464614303305
Interval_15298,0.005732604689020163,0.28958778723555856,-0.09253729811002787,0.3770193108349298,0.38290611963879195,0.360581939027079,-0.6687892878920294,-0.2036757119419248
Interval_15294,-0.2650636240057738,0.23507614697044135,0.1144125614307115,0.04045137773560169,0.44481038389503064,0.4366823929262187,0.6570849804391883,-0.19860883854761147
