PeakID,KLRD1_Rsq
Eigenpeak 0,0.02962359051532333
Eigenpeak 1,0.011907790393913863
Eigenpeak 2,0.0003471128589599637
Eigenpeak 3,0.06253609833510981
Eigenpeak 4,0.016591004004370233
Eigenpeak 5,0.014933301821857606
Eigenpeak 6,0.004579722826965587
Eigenpeak 7,0.009162377284843988
Eigenpeak 8,2.2265915353620573e-05
Eigenpeak 9,0.09190533096244737
Eigenpeak 10,0.08130480120267489
Eigenpeak 11,0.0332286237563181
Eigenpeak 12,0.6144031949375953
