PeakID,Interval_15297,Interval_15296,Interval_15295,Interval_15289,Interval_15299,Interval_15290,Interval_15298,Interval_15294
Interval_15297,1.0,0.7323939440547906,0.8378890938105577,0.7472032597034861,0.7625423965499133,0.5195148716700154,0.2444354785538928,0.5735332389388882
Interval_15296,0.7323939440547906,1.0,0.6288032039949123,0.610647102684231,0.48011720878658204,0.4404572230959486,0.5005010995802701,0.17879567043868244
Interval_15295,0.8378890938105577,0.6288032039949123,1.0,0.7381000265964133,0.825831157967448,0.6815681816001737,0.2163965725926827,0.23799132707883136
Interval_15289,0.7472032597034861,0.610647102684231,0.7381000265964133,1.0,0.7376575519643334,0.8281674049906826,0.46803681089850535,0.4057432242779889
Interval_15299,0.7625423965499133,0.48011720878658204,0.825831157967448,0.7376575519643334,1.0,0.6795051086977809,0.29761074644763785,0.32093564921429557
Interval_15290,0.5195148716700154,0.4404572230959486,0.6815681816001737,0.8281674049906826,0.6795051086977809,1.0,0.3244165815231008,0.2265101055462887
Interval_15298,0.2444354785538928,0.5005010995802701,0.2163965725926827,0.46803681089850535,0.29761074644763785,0.3244165815231008,1.0,-0.11732445539177559
Interval_15294,0.5735332389388882,0.17879567043868244,0.23799132707883136,0.4057432242779889,0.32093564921429557,0.2265101055462887,-0.11732445539177559,1.0
